ID,Total delay time1234567,Total delay time1234568,Total delay time1234569,Total delay time1234560,Total delay time1234561,Total delay time1234562,Total delay time1234563,Total delay time1234564,Total delay time1234565,Total delay time1234566
200002,0,0,0,0,0,0,0,0,0,0
200006,0,0,0,0,647986,0,0,656707,639799,0
200008,0,0,0,0,0,0,0,0,0,0
200010,0,0,0,0,0,0,0,0,0,0
200012,0,0,0,0,0,0,0,0,0,0
200014,0,0,0,0,0,0,0,0,0,0
200016,0,0,0,0,0,0,0,0,0,0
200020,0,0,0,0,0,0,0,0,0,0
200022,0,0,0,0,0,0,0,0,0,0
200024,0,0,0,0,0,0,0,0,0,0
200026,0,0,0,0,0,0,0,0,0,0
200028,0,0,0,0,0,130561,0,0,0,0
200030,0,0,0,0,0,0,0,0,0,0
200032,0,0,0,0,0,0,323423,0,0,0
200034,0,0,0,0,0,0,0,0,0,0
200036,0,0,0,0,0,0,0,324104,0,0
200038,0,0,0,0,0,0,0,0,0,0
200040,0,0,0,0,0,0,0,0,0,326946
200042,0,0,0,0,0,0,0,0,0,0
200044,0,0,0,0,0,0,0,0,0,0
200046,0,0,0,0,0,0,0,0,0,0
200048,0,0,0,0,0,0,0,0,0,0
200050,0,0,0,0,0,0,0,0,0,0
200052,0,0,0,0,0,0,0,0,0,0
200054,0,0,0,0,0,0,0,0,0,0
200056,0,0,0,0,0,0,0,0,0,0
200058,0,0,0,0,0,0,0,0,0,0
200060,0,0,0,0,0,0,0,0,0,0
200062,0,0,0,0,0,0,0,0,0,0
200064,0,0,0,0,0,0,0,0,0,0
200066,0,0,0,0,0,0,0,0,0,0
200068,0,0,0,0,0,0,0,0,0,0
200070,0,0,0,0,0,0,0,0,0,0
200072,0,0,0,0,0,0,0,0,0,0
200074,0,0,0,0,0,0,0,0,0,0
200076,0,0,0,0,0,0,0,0,0,0
200078,0,0,0,0,0,0,0,0,0,0
200080,0,0,0,0,0,0,0,0,0,0
200082,0,0,0,0,0,0,0,0,0,0
200084,0,0,0,0,0,0,0,0,0,0
200086,0,0,0,0,0,0,0,0,0,0
200088,326055,0,0,0,0,0,0,0,0,0
200090,0,0,0,0,0,0,0,129580,0,0
200092,0,0,0,0,0,0,129475,0,0,0
200094,0,0,0,0,0,0,0,0,0,0
200096,0,0,0,0,0,0,0,0,0,0
200098,0,0,0,0,0,0,0,0,0,0
200100,0,0,322200,0,0,0,0,0,0,0
200102,0,0,0,0,0,0,0,0,0,0
200104,0,0,0,0,0,0,0,0,0,0
200106,0,0,0,0,0,0,130116,0,0,0
200108,0,0,0,0,0,0,0,0,0,0
200110,0,0,0,0,0,0,0,0,0,0
200112,0,0,0,0,0,0,0,0,0,0
200114,324663,0,0,0,0,0,0,0,324077,0
200116,0,0,0,0,0,0,0,0,0,0
200118,0,0,0,0,0,0,0,0,0,0
200120,0,0,0,0,0,0,0,0,0,0
200122,0,0,0,0,0,0,129269,0,0,0
200124,0,0,0,0,0,0,0,0,0,0
200128,0,0,0,0,0,0,0,0,0,0
200130,0,0,0,0,0,0,0,0,0,0
200132,267301,0,0,262631,0,0,0,0,0,0
200134,0,0,0,0,0,0,0,0,0,0
200136,0,0,265365,0,0,0,0,0,0,264478
200138,0,0,0,0,0,0,0,0,0,0
200140,0,0,0,0,0,0,0,0,0,0
200142,0,0,0,264607,0,0,0,0,0,265661
200144,0,0,0,0,0,0,0,0,0,0
200146,0,0,0,0,0,0,0,0,0,0
200148,0,0,0,0,0,0,0,0,0,0
200150,0,0,263186,0,0,0,0,0,0,0
200152,0,0,0,0,0,106337,0,0,0,0
200154,0,0,0,0,0,0,0,0,0,0
200156,0,0,0,0,0,0,0,0,0,0
200158,0,0,105489,0,0,0,0,0,0,0
200160,0,0,0,0,0,0,107894,0,0,0
200162,0,0,0,0,0,0,0,0,0,0
200164,0,0,0,0,0,0,0,0,0,0
200166,0,0,0,0,0,0,0,0,0,0
200168,0,0,0,0,0,0,0,0,0,0
200170,106331,0,0,0,0,0,0,0,0,0
200172,0,0,264493,0,0,0,0,0,0,267132
200174,0,0,0,0,0,0,0,0,0,0
200176,0,0,0,0,0,0,0,0,0,0
200178,0,0,0,0,0,0,0,0,0,0
200180,0,0,105424,0,106791,0,0,0,0,0
200182,0,0,0,0,0,0,0,0,0,0
200184,0,0,0,0,0,0,0,265371,0,267107
200186,0,0,0,0,0,0,0,0,0,0
200188,0,0,0,0,0,0,0,0,0,0
200190,0,0,0,105429,0,0,0,0,0,0
200192,0,0,0,0,0,0,0,0,0,0
200194,0,0,0,0,0,0,0,0,0,0
200196,0,0,0,0,0,0,0,0,0,0
200198,0,0,105665,0,0,0,0,0,0,0
200200,0,0,0,0,0,106245,0,0,0,0
200202,0,0,0,0,0,0,0,0,108159,0
200204,0,0,105518,0,0,0,107913,0,0,0
200206,0,0,0,0,0,0,0,0,0,0
200208,106553,0,0,0,0,0,0,0,0,0
200210,0,0,0,0,0,0,0,0,0,0
200212,0,0,0,0,0,0,0,0,0,0
200214,0,0,105489,0,0,0,0,105887,0,106278
200216,0,0,0,0,0,0,0,0,0,0
200218,0,0,0,0,0,0,0,0,0,0
200220,0,0,0,0,0,0,0,0,0,0
200222,0,0,0,0,0,0,0,0,0,0
200224,0,271428,0,0,0,0,0,0,0,0
200226,0,0,0,0,0,0,0,0,0,0
200228,0,108692,0,0,0,0,0,0,0,0
200230,0,0,0,0,0,0,0,0,0,0
200232,0,0,0,0,0,0,0,0,0,0
200234,0,0,0,0,0,0,0,0,0,0
200238,0,0,0,0,0,0,0,0,0,0
200240,0,0,0,0,0,0,0,0,0,0
200242,0,0,0,0,0,0,0,0,0,0
200244,0,0,0,171983,0,0,0,0,0,0
200246,0,0,0,0,0,0,0,0,0,0
200248,0,0,0,0,0,0,0,0,0,0
200250,0,0,0,0,0,0,0,0,0,0
200252,0,0,0,0,0,0,0,0,0,0
200254,0,0,0,0,0,0,0,0,0,0
200256,0,0,0,0,0,0,0,0,0,0
200258,0,0,0,0,0,0,0,0,0,0
200260,0,0,0,0,0,0,0,0,0,0
200262,0,0,0,0,0,0,0,0,0,0
200264,0,0,0,0,0,0,0,0,0,0
200266,0,0,0,0,0,0,0,0,0,0
200268,0,0,0,0,0,0,0,0,0,0
200270,0,0,0,0,0,0,0,0,0,0
200272,0,0,0,0,0,0,0,0,0,0
200274,0,0,0,0,0,0,0,0,0,0
200276,0,0,0,0,0,0,0,0,0,0
200278,0,0,0,0,0,0,0,0,0,0
200280,0,0,0,0,0,0,0,0,0,0
200282,0,0,0,0,0,0,0,0,0,0
200284,0,0,0,0,0,0,0,0,0,0
200286,0,0,0,0,0,0,0,0,0,0
200288,0,0,0,0,0,0,0,0,0,0
200290,0,0,0,0,0,0,0,0,0,0
200292,0,0,0,0,0,0,0,0,0,0
200294,0,0,0,0,0,0,0,0,0,0
200296,0,0,0,0,0,0,0,0,0,0
200298,0,0,0,0,0,0,0,0,0,0
200300,0,0,0,0,0,0,0,0,0,0
200302,0,0,0,0,0,0,0,0,0,0
200304,0,0,0,0,0,0,0,0,0,0
200306,0,0,0,0,0,0,0,0,0,0
200308,0,0,0,0,0,0,0,0,0,0
200310,0,0,0,0,0,0,0,97588,0,0
200312,0,0,0,0,0,0,0,0,0,0
200314,0,0,0,0,0,0,0,0,0,0
200316,0,0,0,0,0,0,0,0,0,0
200318,0,0,0,0,0,0,0,0,0,0
200320,0,0,0,0,0,0,0,0,0,0
200322,0,0,0,0,0,0,0,0,0,0
200324,0,0,0,0,0,0,0,0,0,0
200326,0,0,0,0,0,0,0,0,0,0
200328,0,0,0,0,0,0,0,0,0,0
200330,0,0,0,0,0,0,0,0,0,0
200332,0,0,0,0,0,0,0,0,0,0
200334,0,0,0,0,0,0,0,0,0,0
200336,0,0,0,0,0,0,0,0,0,0
200338,0,0,0,0,0,0,0,0,0,0
200340,0,0,0,0,0,0,0,0,0,0
200342,0,0,0,0,0,0,0,0,0,0
200344,0,0,0,0,0,0,0,0,0,0
200346,0,0,0,0,0,0,0,0,0,0
200348,0,0,0,0,0,0,0,0,0,0
200350,0,0,0,0,0,0,0,0,0,0
200352,0,0,0,0,0,0,0,0,0,38490
200354,0,0,0,0,0,0,0,0,0,0
200356,96884,0,0,0,0,0,0,0,100491,0
200358,0,0,0,0,0,0,0,0,0,0
200360,0,0,0,0,0,0,0,0,0,0
200362,0,0,0,0,0,0,0,0,0,0
200364,0,0,0,0,0,0,0,0,0,0
200366,0,0,0,0,0,0,0,0,0,0
200368,0,0,0,0,0,0,0,0,0,0
200370,0,0,0,0,0,96306,0,0,0,0
200372,0,0,0,0,0,0,0,0,0,0
200374,0,0,0,0,0,0,0,0,0,0
200376,0,0,0,0,0,0,0,0,0,0
200378,0,0,0,0,0,0,0,0,0,0
200380,98356,0,0,0,0,0,0,0,0,0
200382,0,0,0,0,0,0,0,0,0,0
200384,0,0,0,0,0,0,0,0,0,0
200386,0,0,0,0,0,0,0,0,0,0
200388,39429,0,0,0,0,0,0,0,0,0
200390,0,0,0,0,0,0,0,0,0,0
200392,0,0,0,0,0,0,97564,0,0,0
200394,0,0,0,0,0,0,0,0,0,0
200396,0,98708,0,0,0,0,97077,0,0,0
200398,0,0,0,0,0,0,0,0,0,0
200400,0,0,0,0,0,0,0,0,0,0
200402,0,0,0,0,0,0,0,0,0,0
200404,0,0,0,0,0,0,0,0,0,0
200406,0,0,0,0,0,0,0,0,0,0
200408,0,0,0,0,0,0,0,0,0,0
200410,0,0,0,0,0,0,0,0,0,0
200412,0,0,0,0,0,0,0,0,0,0
200414,0,0,0,0,0,0,0,0,0,0
200416,0,0,0,0,0,0,0,0,0,0
200418,0,0,0,0,0,0,0,0,0,0
200420,39343,0,0,0,0,0,0,0,0,0
200422,0,0,0,95816,0,0,0,0,0,0
200424,0,0,0,0,0,0,0,0,0,0
200426,0,0,0,0,0,96241,0,0,0,0
200428,0,0,0,0,0,95906,0,0,0,0
200430,0,0,366536,0,372627,0,0,0,0,0
200432,0,0,0,0,0,97891,0,98272,0,97561
200434,0,0,0,0,0,0,97035,98445,0,0
200436,39147,0,0,0,39736,0,0,0,0,0
200438,0,0,0,0,0,0,0,0,0,0
200440,0,0,0,0,0,0,0,0,0,0
200442,0,0,0,0,0,0,0,0,0,0
200444,0,0,0,0,0,0,0,0,0,0
200446,0,0,0,0,0,0,0,0,0,0
200448,0,0,175806,0,0,0,0,0,0,0
200450,0,39488,0,0,0,0,0,38980,0,0
200452,0,0,0,0,0,0,38709,0,0,0
200454,0,0,0,0,0,0,0,0,0,0
200456,0,0,0,0,0,0,0,0,0,0
200458,0,0,0,0,0,0,0,0,0,0
200460,0,0,0,0,0,0,0,0,0,0
200462,0,0,0,0,0,0,0,0,0,0
200464,0,0,0,0,0,0,0,0,0,0
200466,0,0,0,0,0,0,0,0,0,0
200468,0,0,0,0,0,0,0,0,0,0
200470,0,0,0,0,0,174236,0,0,0,172273
200472,0,0,0,0,0,0,0,0,0,0
200474,0,0,0,0,0,0,0,0,0,0
200476,0,98843,0,95320,0,96361,0,0,0,0
200478,0,0,0,0,40111,0,0,39239,0,0
200480,0,0,0,0,0,0,0,0,0,0
200482,0,0,0,0,0,0,0,0,0,0
200484,0,0,0,0,0,0,0,0,0,0
200486,0,0,0,0,0,0,0,0,0,0
200488,0,0,0,0,0,0,0,0,0,0
200490,0,99619,0,0,0,0,0,0,0,0
200492,0,0,0,0,0,0,0,0,0,0
200494,0,0,0,0,0,0,0,0,0,0
200496,0,0,0,0,0,0,0,0,0,0
200498,0,179166,0,0,179566,0,0,0,0,0
200500,0,0,0,0,0,0,0,0,0,0
200502,0,0,0,96899,0,0,0,0,0,0
200504,369520,0,0,0,0,0,0,0,0,0
200506,0,0,0,0,0,0,0,0,0,0
200508,0,0,0,0,0,0,0,0,0,0
200510,0,0,0,0,0,0,0,0,0,0
200512,0,0,0,0,0,0,0,0,0,0
200514,0,0,0,0,0,0,0,0,0,0
200516,0,0,0,0,0,0,0,0,0,0
200518,0,0,0,0,0,0,0,0,0,0
200520,0,0,0,0,0,0,0,0,0,0
200522,0,0,0,0,0,0,0,0,0,0
200524,0,0,0,0,0,0,0,0,0,0
200526,0,0,0,0,0,0,0,0,0,0
200528,0,0,0,0,0,0,0,0,0,0
200530,0,0,0,0,0,0,0,0,0,0
200532,0,0,0,0,0,0,0,0,0,0
200534,0,0,0,0,0,0,0,0,0,0
200536,0,0,0,0,0,0,0,0,0,0
200538,0,0,0,0,0,0,0,0,0,0
200540,0,0,0,0,0,0,0,0,0,0
200542,0,0,0,0,0,0,0,0,0,0
200544,0,0,0,0,0,0,0,0,0,0
200546,0,0,0,0,0,0,0,0,0,0
200548,0,0,0,0,0,0,0,0,0,0
200550,0,0,0,0,0,0,0,0,0,0
200552,0,0,0,0,0,0,0,0,0,0
200554,0,0,0,0,0,0,0,0,0,0
200556,0,0,0,0,0,0,0,0,0,0
200558,0,0,0,0,0,0,0,0,0,0
200560,0,0,0,0,0,0,0,0,0,0
200562,0,0,0,0,0,0,0,0,0,0
200564,0,0,0,0,0,0,0,0,0,0
200566,0,0,0,0,0,0,0,0,0,0
200568,0,98522,0,0,0,0,0,0,0,95773
200570,0,0,0,0,0,0,0,0,0,0
200572,0,0,0,0,0,0,0,0,0,0
200574,0,0,0,0,0,0,0,0,0,0
200576,0,0,0,0,0,0,0,0,0,0
200578,0,0,0,0,0,0,0,0,0,0
200580,0,0,0,0,0,0,0,0,0,0
200582,0,0,0,0,0,0,0,0,0,0
200584,0,0,0,0,0,0,0,0,0,0
200586,0,0,0,0,0,0,0,0,0,0
200588,0,0,0,0,0,0,0,0,0,0
200590,0,0,0,0,0,0,0,0,0,0
200592,0,0,0,0,0,0,0,0,0,0
200594,0,0,0,0,0,0,0,0,0,0
200596,0,0,0,0,0,0,0,0,0,0
200598,0,0,0,0,0,0,0,0,0,0
200600,0,0,0,0,0,0,0,0,0,0
200602,0,0,0,0,0,0,0,0,0,0
200604,0,0,0,0,0,0,0,0,0,0
200606,0,0,0,0,0,0,0,0,0,0
200608,0,0,0,0,0,0,0,0,0,0
200610,0,178785,0,0,0,0,0,0,180434,0
200612,0,0,0,0,0,0,0,0,0,0
200614,0,0,0,0,0,0,0,0,0,0
200616,0,0,0,0,0,0,0,0,0,0
200618,0,0,0,0,0,0,0,0,0,0
200620,0,0,0,0,0,0,0,0,0,0
200622,0,0,0,0,0,0,0,0,0,0
200624,0,0,0,0,0,0,0,0,0,0
200626,0,0,0,0,0,0,0,0,0,0
200628,0,0,0,0,0,0,0,0,0,0
200630,0,0,0,0,0,0,0,0,0,0
200632,0,0,0,0,0,0,0,0,0,0
200634,0,0,0,361682,0,0,0,0,380033,0
200636,0,0,0,0,0,0,0,0,0,0
200638,0,0,0,0,0,0,0,0,0,0
200640,0,0,0,0,0,0,0,0,0,0
200642,0,0,0,0,0,0,0,0,0,96609
200644,0,0,0,0,0,0,0,0,0,0
200646,0,0,0,0,0,0,0,0,0,0
200648,0,0,0,0,0,0,0,0,0,0
200650,0,0,0,172735,178919,0,177157,0,0,0
200652,0,0,0,0,0,0,0,0,0,0
200654,0,0,0,0,0,0,0,0,0,0
200656,0,0,0,0,0,0,0,0,0,0
200658,0,0,0,0,0,0,0,0,0,0
200660,0,0,0,0,0,0,0,0,0,0
200662,0,0,0,0,0,0,0,0,0,38386
200664,0,0,0,0,0,0,0,0,0,0
200666,0,0,0,0,0,0,0,0,0,0
200668,0,0,0,0,0,0,0,0,0,0
200670,0,0,0,0,0,0,0,0,0,0
200672,0,0,0,0,0,0,0,0,0,0
200674,0,0,0,0,0,38159,0,0,40064,0
200676,0,0,0,0,0,0,0,0,0,0
200678,0,0,0,0,0,0,0,0,0,0
200680,0,0,0,0,0,0,0,0,0,0
200682,0,0,0,0,0,0,0,0,0,0
200684,0,0,0,0,0,0,0,0,0,0
200686,0,0,0,0,0,0,0,0,0,0
200688,0,0,0,0,0,0,0,0,0,0
200690,0,0,0,0,0,0,0,0,0,0
200692,0,0,0,0,0,0,0,0,0,0
200694,0,0,0,0,0,0,0,0,0,0
200696,0,0,0,0,0,0,0,0,0,0
200698,0,0,0,0,0,0,0,0,0,0
200700,0,0,0,0,0,0,0,0,0,0
200702,0,0,0,0,0,0,0,0,0,0
200704,0,0,0,0,0,0,0,0,0,0
200706,0,0,0,0,0,0,0,0,0,0
200708,0,0,0,0,0,0,0,0,0,0
200710,0,0,0,0,0,0,0,0,0,0
200712,0,0,0,0,0,0,0,0,0,0
200714,0,0,0,0,0,0,0,0,0,0
200716,0,0,0,0,0,0,0,0,0,0
200718,0,0,0,0,0,0,0,0,0,0
200720,0,0,0,0,0,0,0,0,0,0
200722,0,0,0,0,0,0,0,0,0,0
200724,0,0,0,0,0,0,0,0,0,0
200726,0,0,0,0,0,0,0,0,0,0
200728,0,0,0,0,0,0,0,0,0,0
200730,0,0,0,0,0,0,0,0,0,0
200732,0,0,0,0,0,0,0,0,0,0
200734,0,0,0,0,0,0,0,0,0,0
200736,0,0,0,0,0,0,0,0,0,0
200738,0,0,0,0,0,0,0,0,0,0
200740,0,0,0,0,0,0,0,0,0,0
200742,0,0,0,0,0,0,0,0,0,0
200744,0,0,0,0,0,0,0,0,0,0
200746,0,0,0,0,0,0,0,0,0,0
200748,0,0,0,0,0,0,0,0,0,0
200750,0,0,0,0,0,0,0,0,0,0
200752,0,0,0,0,0,0,0,0,0,0
200754,177574,0,0,0,0,0,176740,0,0,0
200756,0,0,0,0,0,0,0,0,0,0
200758,0,0,0,0,0,0,0,0,0,0
200760,0,0,0,0,0,0,0,0,0,0
200762,0,0,0,0,0,0,0,0,0,0
200764,0,0,0,0,98688,0,0,0,0,0
200766,0,0,38679,38276,0,38586,0,0,0,0
200768,0,0,0,0,39947,0,0,38834,0,0
200770,0,0,0,38655,0,0,0,0,0,0
200772,0,0,0,0,0,0,0,0,0,0
200774,0,0,0,0,0,0,0,0,0,0
200776,0,0,0,0,0,0,38929,0,0,0
200778,0,0,0,0,0,0,0,0,0,0
200780,39732,0,39176,0,0,0,0,0,0,0
200782,0,0,0,0,0,0,0,0,0,0
200784,0,0,0,0,0,0,0,0,0,0
200786,0,0,0,0,0,0,0,0,0,0
200788,0,0,0,0,0,0,0,0,0,0
200790,0,0,0,0,0,0,0,0,0,0
200792,0,0,0,0,0,0,0,0,0,0
200794,0,0,0,0,0,0,0,0,0,38611
200796,0,0,0,0,0,0,0,0,0,0
200798,0,0,0,0,0,0,0,0,0,0
200800,0,0,0,0,0,0,0,0,0,0
200802,0,0,0,0,0,0,0,0,0,0
200804,39443,0,0,0,0,0,0,0,0,38391
200806,0,0,0,0,0,0,0,0,0,0
200808,0,0,0,0,0,0,0,0,0,0
200810,0,0,0,0,0,0,0,0,0,0
200812,0,0,0,0,0,0,0,0,0,0
200814,0,0,0,0,0,0,0,0,0,0
200816,0,0,0,0,0,0,0,0,0,0
200818,0,0,0,0,0,0,0,0,0,0
200820,0,0,0,0,0,0,0,0,0,0
200822,0,0,0,0,0,0,0,0,0,0
200824,0,0,0,0,0,0,0,0,0,0
200826,0,0,0,0,0,0,0,0,0,0
200828,0,0,0,0,39700,0,0,0,0,0
200830,0,0,0,0,0,0,0,0,0,0
200832,0,0,0,0,0,0,0,0,0,0
200834,0,0,0,0,0,0,0,0,0,0
200836,0,0,0,0,0,0,0,0,0,0
200838,0,0,0,0,0,96532,0,0,0,0
200840,0,0,0,0,0,0,0,0,0,0
200842,0,0,97605,0,0,0,0,0,0,96571
200844,0,0,0,0,0,0,0,0,0,95811
200846,0,0,0,0,0,0,0,0,0,0
200848,0,0,0,0,99517,0,0,0,0,0
200850,0,0,0,0,0,0,39223,0,40160,0
200852,0,0,0,0,0,0,0,0,0,0
200854,0,0,0,0,0,0,0,0,0,38371
200856,0,177176,0,0,0,0,0,0,0,0
200858,0,0,0,0,0,0,0,0,0,0
200860,0,0,0,0,98835,0,0,0,0,0
200862,0,0,0,0,0,0,0,0,0,0
200864,0,0,0,0,0,0,0,0,0,0
200866,0,0,0,0,0,0,0,0,0,0
200868,0,0,0,0,0,0,96675,0,0,0
200870,0,0,175399,0,0,174488,0,0,0,0
200872,0,0,0,0,0,0,0,97685,0,0
200874,0,0,0,0,0,0,38728,0,40268,0
200876,0,0,0,0,0,0,0,0,0,0
200878,0,0,0,0,0,0,0,0,0,0
200880,0,0,0,0,0,0,0,0,0,0
200882,0,0,97585,0,0,0,97002,0,0,0
200884,0,0,0,0,0,0,0,0,40031,0
200886,0,0,0,38166,0,0,0,0,0,0
200888,0,0,0,0,0,0,0,0,0,95876
200890,0,0,0,0,0,0,0,0,0,0
200892,0,0,0,95875,0,0,0,0,0,0
200894,0,0,0,0,0,0,0,0,0,0
200896,0,0,0,0,0,0,0,0,0,0
200898,0,0,38841,0,0,0,0,0,0,0
200900,0,0,0,0,0,0,0,0,0,0
200902,0,0,0,0,0,0,0,0,0,0
200904,0,0,0,0,0,0,0,0,0,0
200906,0,0,0,0,0,0,0,0,0,0
200908,0,0,0,0,0,0,0,0,0,0
200910,0,0,0,0,0,0,0,0,0,0
200912,0,0,0,0,0,96122,0,0,0,0
200914,0,0,0,0,0,0,0,0,0,0
200916,0,0,0,0,0,0,0,0,0,0
200918,0,0,97115,0,0,0,96846,0,0,0
200920,0,0,0,0,0,0,0,0,0,0
200922,0,0,0,0,0,38357,0,0,0,0
200924,0,98257,0,0,98881,0,0,0,0,0
200926,0,0,0,0,0,0,0,0,0,0
200928,0,0,0,0,0,0,0,0,0,0
200930,0,0,38864,0,0,0,0,0,0,0
200932,0,0,0,0,0,0,0,0,0,0
200934,0,0,0,0,0,0,0,0,0,0
200936,0,0,0,0,0,0,38887,0,0,0
200938,0,0,0,0,0,0,39036,0,0,0
200940,0,0,0,0,0,0,0,0,0,0
200942,0,0,0,0,0,0,97276,98659,0,0
200944,0,0,176165,0,0,0,0,0,0,0
200946,0,0,0,0,0,0,0,0,0,0
200948,0,0,0,0,0,0,0,0,0,0
200950,0,0,0,0,0,0,0,0,0,0
200952,0,0,0,0,0,0,0,0,0,0
200954,0,0,0,96331,0,97144,97203,0,102099,0
200956,0,0,0,0,0,0,0,0,0,0
200958,0,0,0,0,0,0,0,0,0,0
200960,0,0,0,0,0,0,0,0,0,0
200962,0,0,0,0,0,0,0,0,0,0
200964,0,0,0,0,0,0,0,0,0,0
200966,0,0,0,38617,0,0,0,0,0,0
200968,39116,0,0,0,0,0,38982,0,39952,0
200970,0,0,0,0,0,0,0,0,0,0
200972,0,0,0,0,0,0,0,0,0,0
200974,0,0,0,0,39672,38706,39008,0,40458,0
200976,0,0,0,0,0,0,0,0,0,0
200978,0,0,98183,0,0,0,0,0,0,0
200980,0,0,0,0,0,0,0,0,0,0
200982,0,0,0,0,179068,174409,0,0,0,173444
200984,0,0,0,0,0,0,0,0,0,0
200986,0,0,0,0,0,0,0,0,0,0
200988,0,97777,0,0,0,0,0,97982,101698,0
200990,0,0,0,0,0,0,0,0,0,0
200992,0,0,0,0,0,0,0,0,0,0
200994,0,0,0,0,0,0,0,0,0,0
200996,0,0,0,0,0,0,0,0,0,0
200998,0,0,0,0,0,0,0,0,0,0
201000,0,0,0,0,0,0,0,0,0,0
201002,0,0,0,0,0,0,0,0,40294,0
201004,0,0,0,95241,0,0,0,0,0,0
201006,0,0,0,0,0,0,0,0,0,0
201008,0,0,0,0,0,0,0,0,0,0
201010,0,0,0,0,0,0,0,0,0,0
201012,0,0,0,0,0,0,0,0,0,0
201014,0,0,0,0,0,0,0,0,0,0
201016,0,0,0,0,0,0,0,0,0,0
201018,0,0,0,0,0,0,0,0,0,0
201020,0,0,0,0,0,0,0,0,0,0
201022,0,0,0,0,0,0,0,0,0,0
201024,0,0,0,0,0,0,0,0,0,0
201026,0,0,0,0,0,0,0,0,0,0
201028,0,0,0,0,0,0,0,0,0,0
201030,0,0,0,0,0,0,0,0,0,0
201032,0,0,0,0,0,0,0,0,0,0
201034,0,39165,0,0,0,0,0,0,0,0
201036,0,0,0,0,0,0,0,0,0,0
201038,0,0,0,0,0,0,0,0,0,0
201040,0,0,0,0,0,0,0,0,0,0
201042,0,0,0,0,0,0,0,0,0,0
201044,0,0,0,0,0,0,0,0,0,95836
201046,0,0,0,0,0,0,0,38997,0,0
201048,98644,0,98141,0,0,0,97983,98873,0,0
201050,0,0,0,0,0,38694,0,0,0,38447
201052,0,0,0,0,0,0,0,38976,0,0
201054,0,0,0,0,0,0,0,0,0,0
201056,0,38974,0,0,0,0,0,0,0,0
201058,0,38903,0,0,0,38397,0,0,0,0
201060,0,0,0,0,0,0,0,0,0,0
201062,0,0,0,0,0,96723,0,0,100772,0
201064,0,0,0,0,0,0,0,0,0,0
201066,0,0,0,0,0,0,0,0,0,0
201068,0,0,0,0,0,0,0,0,0,0
201070,0,0,0,0,0,0,0,0,0,0
201072,0,0,0,0,0,0,0,0,0,0
201074,0,0,96400,0,0,95890,0,0,0,0
201076,0,0,39113,0,39400,0,0,0,0,0
201078,0,99186,0,0,99245,0,0,97195,0,0
201080,0,0,0,0,0,0,0,0,0,97014
201082,0,39379,0,0,0,0,39068,0,0,0
201084,99244,97497,0,0,0,0,0,0,0,0
201086,0,0,0,0,0,0,0,0,0,0
201088,0,0,0,0,0,0,0,96946,0,0
201090,0,0,38995,0,39204,38784,0,0,0,0
201092,0,0,0,0,0,0,0,0,0,0
201094,0,0,0,0,0,0,0,0,0,0
201096,0,0,0,0,0,0,0,0,0,0
201098,0,0,0,0,0,0,0,0,0,0
201100,0,0,0,0,0,0,0,0,0,0
201102,0,0,0,0,0,0,0,0,0,0
201104,0,0,0,0,0,0,0,0,0,0
201106,0,0,0,0,0,0,0,0,0,0
201108,0,0,0,0,0,0,0,0,0,0
201110,0,0,0,0,0,0,0,0,0,0
201112,0,97158,0,0,0,0,97560,0,0,0
201114,0,0,0,0,0,0,0,0,0,0
201116,0,98964,0,0,99357,0,0,0,0,0
201118,0,0,0,38562,0,0,38806,0,0,0
201120,0,0,0,0,0,0,0,0,0,0
201122,0,0,0,0,0,0,0,0,0,0
201124,0,0,0,0,0,0,0,0,0,0
201126,0,0,0,0,0,0,0,0,0,0
201128,0,0,0,0,0,0,0,0,0,0
201130,0,0,0,0,0,0,0,0,0,0
201132,0,0,0,0,0,0,0,0,0,0
201134,0,0,0,0,0,0,0,0,0,0
201136,0,0,0,0,0,0,0,98312,0,0
201138,0,0,0,0,0,0,0,0,0,0
201140,0,0,0,0,0,0,0,0,0,0
201142,0,0,0,0,0,0,0,0,0,0
201144,0,0,0,0,0,0,0,0,0,0
201146,0,0,0,0,0,0,0,0,0,0
201148,0,0,0,96062,0,0,0,0,101047,0
201150,0,0,0,0,0,0,0,0,0,0
201152,0,0,39249,0,0,38701,0,0,40273,38627
201154,0,0,0,0,0,0,0,0,0,0
201156,0,0,0,0,0,0,0,97512,0,0
201158,0,0,0,0,0,0,0,0,0,0
201160,39263,0,0,0,0,38419,0,0,0,0
201162,0,97001,0,0,0,0,0,0,0,0
201164,39427,0,0,0,39514,38239,0,0,40140,0
201166,0,97796,0,0,0,0,0,0,0,0
201171,0,0,0,0,0,0,0,0,0,0
201173,0,0,0,0,0,0,0,0,0,0
201175,0,0,0,0,0,0,0,0,0,0
201177,0,0,0,0,0,0,0,0,0,0
201179,0,0,0,0,0,41493,0,0,0,0
201181,0,0,0,0,0,41021,0,41252,0,0
201183,0,0,0,0,0,0,0,0,0,0
201185,0,0,0,0,0,0,0,0,0,0
201187,0,0,0,0,0,0,0,0,0,0
201189,0,0,0,0,0,0,0,0,0,0
201191,0,0,40341,0,0,0,0,0,0,0
201193,0,0,0,0,0,0,0,0,0,0
201195,0,0,0,0,0,0,0,0,0,0
201197,0,0,0,0,0,0,0,0,0,0
201199,41998,0,0,0,0,0,0,0,0,0
201201,0,0,0,0,0,0,0,0,0,0
201203,0,0,0,0,0,0,0,0,0,0
201205,42030,0,0,0,0,0,0,41204,0,0
201207,0,0,0,0,0,0,0,0,0,0
201209,0,0,0,0,0,0,0,0,0,0
201211,0,0,0,0,0,0,0,0,0,0
201213,0,0,0,0,0,0,0,0,0,0
201215,0,0,0,0,0,0,0,0,0,0
201217,0,0,0,0,0,0,0,0,0,0
201219,0,0,0,0,0,0,0,0,0,0
201221,0,0,0,0,0,0,0,0,0,0
201223,0,0,0,0,0,0,0,0,0,182875
201225,0,0,0,0,0,0,0,0,0,0
201227,0,0,0,0,0,0,0,0,0,0
201229,0,0,0,0,0,0,0,0,0,0
201231,0,0,0,0,0,0,0,0,0,0
201233,0,0,0,0,0,0,0,0,103831,0
201235,0,0,0,0,0,0,40874,41437,0,0
201237,0,0,0,0,0,0,0,0,0,0
201239,0,0,0,0,0,0,0,0,0,0
201241,0,0,0,0,0,0,0,0,0,0
201243,0,0,0,0,0,0,0,0,41046,0
201245,0,0,0,0,0,0,0,0,0,0
201247,0,0,0,0,0,0,0,0,0,0
201249,0,0,0,0,0,0,0,0,0,0
201251,105312,0,0,0,0,0,0,0,0,0
201253,0,0,0,0,0,0,0,0,0,0
201255,0,0,0,0,0,0,0,0,0,0
201257,0,0,0,0,0,0,0,0,0,0
201259,0,0,0,0,0,0,0,0,0,0
201261,0,0,100991,0,0,0,0,0,0,0
201263,0,0,0,0,0,0,0,0,0,0
201265,0,0,0,0,0,0,0,0,0,0
201267,0,0,0,0,0,0,0,0,0,0
201269,0,0,0,0,0,0,0,0,0,0
201271,0,0,0,0,0,0,0,0,0,102730
201273,0,0,0,0,0,0,0,0,0,0
201275,0,0,0,0,0,0,0,0,0,0
201277,0,0,0,0,0,0,0,0,0,0
201279,0,0,0,0,0,0,0,0,0,0
201281,0,0,0,0,0,0,0,0,0,0
201283,0,0,0,0,0,0,0,0,0,0
201285,0,0,0,0,0,0,0,0,0,0
201287,0,0,0,0,0,0,0,0,0,0
201289,0,0,0,0,0,0,0,0,0,0
201291,0,0,0,104908,0,0,0,0,0,0
201293,0,0,0,0,0,0,0,0,0,0
201295,0,0,0,0,0,0,0,0,0,0
201297,0,0,0,0,0,0,0,0,0,0
201299,0,0,0,0,0,0,0,0,0,0
201301,0,0,0,0,0,0,0,0,0,0
201303,0,0,0,0,0,0,0,0,0,0
201305,0,0,0,0,0,0,0,0,0,0
201307,189450,0,0,0,0,0,0,186967,0,0
201309,0,0,0,0,0,0,0,0,0,0
201311,0,0,40109,0,0,0,0,0,0,0
201313,0,0,0,104967,0,0,0,0,0,0
201315,0,0,0,0,0,0,0,0,0,0
201317,0,0,0,0,0,0,0,0,0,0
201319,0,0,0,0,105239,0,0,0,0,102109
201321,0,102355,0,0,0,0,0,0,0,0
201323,0,0,0,0,0,0,0,0,0,0
201325,0,0,0,0,0,0,0,0,0,0
201327,104420,0,0,0,0,0,103461,0,0,0
201331,0,0,0,430377,0,0,434858,0,0,0
201333,0,0,0,0,0,0,0,0,0,0
201335,0,0,0,0,0,0,0,0,0,0
201337,0,0,0,0,0,0,0,0,0,0
201339,0,0,0,0,0,0,0,0,0,0
201341,0,0,0,0,0,0,0,0,0,0
201343,0,174857,0,0,0,0,0,0,0,0
201345,0,0,0,0,0,0,0,0,0,0
201347,0,0,0,0,0,0,0,0,0,0
201349,0,0,0,0,0,0,0,0,0,0
201356,0,0,0,0,0,0,0,0,0,0
201358,0,0,0,0,0,0,0,0,0,0
201360,0,0,0,0,0,0,0,0,0,0
201364,0,0,0,0,0,0,0,0,0,0
201366,0,0,0,0,0,0,0,0,0,0
201368,0,0,0,0,0,0,0,0,0,0
201370,41470,0,0,0,0,0,0,0,0,0
201372,0,0,0,0,0,0,0,0,0,0
201374,0,0,0,0,0,0,0,0,0,0
201376,0,0,0,0,0,0,0,0,0,0
201378,0,42861,0,0,0,0,0,0,0,0
201380,0,0,0,0,0,0,0,0,0,0
201382,0,0,0,0,0,0,0,0,0,0
201384,0,0,0,0,0,0,0,0,0,0
201386,0,0,0,0,0,0,0,0,0,41938
201388,41811,0,0,0,0,0,0,0,0,0
201390,0,0,0,0,0,0,0,0,0,0
201392,0,0,0,0,0,0,0,0,0,0
201394,0,0,0,0,0,0,0,0,0,0
201396,0,0,0,0,0,0,0,0,0,0
201398,0,0,0,0,0,0,0,0,0,0
201400,41618,0,0,0,0,0,0,0,0,0
201402,0,0,0,0,0,0,0,0,0,0
201404,0,0,0,0,0,0,0,0,0,0
201406,0,0,0,0,0,0,0,0,0,0
201408,0,0,0,0,0,0,0,0,0,0
201410,0,0,0,0,0,0,0,0,0,0
201412,0,0,41988,0,0,0,0,0,0,0
201414,0,0,0,0,0,0,0,0,0,0
201416,0,0,0,0,0,0,42487,0,0,0
201418,0,0,0,41753,0,0,0,0,0,42021
201420,0,0,0,0,0,0,0,0,0,0
201422,0,0,0,0,0,0,0,0,0,0
201424,0,0,0,0,0,0,0,0,0,0
201426,0,0,0,0,0,0,0,0,0,0
201428,0,0,0,0,0,0,0,0,0,0
201430,0,0,0,0,0,0,0,0,0,106191
201432,0,0,0,0,0,0,0,0,0,0
201434,0,0,0,0,0,0,0,41362,42620,0
201436,0,0,0,0,0,0,0,0,0,0
201441,0,0,0,0,0,0,0,0,0,0
201445,0,0,0,0,0,0,0,0,0,0
201447,0,0,0,0,0,0,0,0,0,0
201449,0,0,0,0,0,0,0,0,0,0
201451,0,0,0,0,0,0,0,0,0,0
201453,0,0,0,0,0,0,0,0,0,0
201457,0,0,0,0,0,0,0,0,0,0
201459,0,0,0,0,0,0,0,0,0,0
201461,0,0,0,0,0,0,0,0,0,0
201463,0,0,0,0,0,0,0,0,0,0
201465,0,0,0,0,0,0,0,0,0,0
201467,0,0,0,0,0,0,0,0,0,0
201469,0,0,0,0,0,0,0,0,0,0
201471,0,0,0,0,0,0,0,0,0,0
201473,0,0,0,0,0,0,0,0,0,0
201475,0,0,0,0,0,0,0,0,0,0
201477,0,0,0,0,0,0,0,0,0,0
201479,0,0,0,0,0,0,0,0,0,0
201481,0,0,0,0,0,0,0,0,0,0
201483,0,0,0,0,0,0,0,0,0,0
201485,0,0,0,0,0,0,0,0,0,0
201487,0,0,0,0,0,0,0,0,0,0
201489,0,0,0,0,0,0,0,0,0,0
201491,0,0,0,0,0,0,0,0,0,0
201493,0,0,0,0,0,0,0,0,0,0
201495,0,0,0,0,0,0,0,0,0,0
201497,0,0,0,0,0,0,0,0,0,0
201499,0,0,0,0,0,0,0,0,0,0
201501,0,0,0,0,0,0,0,0,0,0
201503,0,0,0,0,0,0,0,0,0,0
201505,0,0,0,0,0,0,0,0,0,0
201507,0,0,0,0,0,0,0,0,0,0
201509,0,0,0,0,0,0,0,0,0,0
201511,0,0,0,0,0,0,0,0,0,0
201513,0,0,0,0,0,0,0,0,0,0
201515,0,0,0,0,0,0,0,0,0,0
201517,0,0,0,0,0,0,0,0,0,0
201522,104188,0,0,0,0,0,0,0,0,0
201526,0,0,0,0,0,0,0,0,0,0
201530,0,0,0,0,0,0,0,0,0,0
201532,0,0,0,0,0,0,0,0,0,0
201534,0,0,0,0,0,0,0,0,0,0
201536,0,12629,0,0,0,0,0,0,12655,0
201538,0,0,0,0,2366,0,0,0,0,0
201540,0,0,0,0,0,0,0,0,0,0
201542,0,0,0,0,0,2977,0,0,0,0
201544,0,0,0,0,0,0,0,0,0,0
201546,0,0,0,0,0,0,0,0,0,0
201548,0,0,0,0,0,0,0,0,0,0
201550,0,0,0,0,0,0,0,0,0,0
201552,0,0,0,0,0,0,0,0,0,0
201554,0,0,0,0,0,0,0,0,0,0
201556,0,0,0,0,0,0,0,0,0,0
201558,0,0,0,0,0,0,0,0,0,0
201560,0,0,0,0,0,0,0,0,0,0
201562,0,0,0,0,0,0,0,0,0,0
201564,6603,0,0,0,0,0,0,0,0,0
201566,0,0,0,0,0,0,0,0,0,0
201568,0,0,0,0,0,0,0,0,2795,0
201570,0,0,0,0,0,0,0,0,0,0
201572,0,0,0,0,0,0,0,0,0,0
201574,0,0,0,0,0,0,0,0,0,0
201576,0,0,0,0,0,0,0,0,0,0
201578,0,0,0,0,0,0,0,0,0,0
201580,0,0,0,0,0,0,0,0,0,11725
201582,0,0,0,0,0,0,0,0,0,0
201584,0,0,0,0,0,0,0,0,0,0
201586,0,0,0,0,0,0,0,0,0,0
201588,0,0,0,0,0,0,0,0,0,0
201590,0,0,0,0,0,0,0,0,0,0
201592,0,0,0,0,0,0,0,0,0,0
201594,0,0,0,0,0,0,0,0,0,0
201596,0,2731,0,0,0,0,2663,0,0,0
201598,0,0,0,0,0,0,0,0,0,0
201600,0,0,0,0,0,0,0,0,0,0
201602,0,0,0,0,0,0,0,0,0,0
201604,0,0,0,0,0,0,0,0,0,0
201606,0,0,0,0,0,0,0,0,0,0
201608,0,0,0,0,0,0,0,0,0,0
201610,0,0,0,0,0,0,0,0,0,0
201612,0,0,0,0,0,0,0,0,0,0
201614,0,0,0,0,0,0,0,0,0,0
201616,0,0,0,0,0,0,0,0,0,0
201618,0,0,0,0,0,0,0,0,0,0
201620,0,0,0,0,0,0,0,0,0,0
201622,0,0,0,0,0,0,0,0,0,0
201624,0,0,0,0,0,0,0,0,0,0
201626,0,0,0,0,0,0,0,0,0,0
201628,0,0,0,0,0,0,0,0,0,0
201630,0,0,0,0,0,0,0,0,0,0
201632,0,0,0,0,0,0,0,0,0,0
201634,0,0,0,0,0,0,0,0,0,0
201636,0,0,0,0,0,0,0,0,0,0
201638,0,0,0,0,0,0,0,0,0,0
201640,0,0,0,0,0,0,0,0,0,0
201642,0,0,0,0,0,0,0,0,0,0
201644,0,0,0,2611,0,0,0,0,0,0
201646,0,0,0,0,0,0,0,0,0,11624
201648,0,0,0,0,0,0,0,0,0,0
201650,0,0,0,0,0,0,0,0,0,0
201652,0,0,0,0,0,0,0,0,0,0
201654,0,0,0,0,0,0,0,0,0,0
201656,0,0,0,0,0,0,0,0,0,0
201658,0,0,0,0,0,0,0,0,0,0
201660,0,0,0,0,0,0,0,0,0,0
201662,0,0,0,0,0,0,0,0,0,0
201664,0,0,0,0,0,0,0,0,0,0
201666,0,0,0,0,0,0,0,0,0,0
201668,0,0,0,0,0,0,0,0,0,0
201670,0,0,0,0,0,0,0,0,0,0
201672,0,0,0,0,0,0,0,0,0,0
201674,0,0,0,0,0,0,0,0,0,0
201676,0,0,0,0,0,0,0,0,0,0
201678,0,0,0,2599,0,0,0,0,0,0
201680,0,0,0,0,0,0,0,0,0,0
201682,0,0,0,0,0,0,0,0,0,0
201684,0,2732,0,0,0,0,0,0,0,0
201686,0,0,0,0,0,0,0,0,0,0
201688,0,0,0,0,0,0,0,0,0,0
201690,0,0,0,0,0,0,0,0,0,0
201692,0,0,0,0,0,0,0,0,0,0
201694,0,0,0,0,0,0,0,0,0,0
201696,0,0,2808,0,0,0,0,0,0,0
201698,0,0,0,0,0,0,0,0,0,0
201700,0,0,0,0,0,0,0,0,0,0
201702,0,0,0,2690,0,0,2773,0,0,0
201704,0,0,0,0,0,13295,0,0,0,0
201706,0,0,0,0,0,0,0,0,0,0
201708,0,0,0,0,0,0,0,0,0,0
201710,0,0,0,0,0,0,0,0,0,0
201712,0,0,0,0,0,0,0,0,0,0
201714,0,0,0,0,0,0,0,0,0,0
201716,0,0,0,0,0,0,0,0,0,0
201718,0,0,0,0,0,0,0,0,0,0
201720,0,0,0,0,0,0,0,0,0,0
201722,0,0,0,0,0,0,0,0,0,0
201724,0,2657,0,0,0,0,0,0,0,0
201726,0,0,0,0,0,0,0,0,0,0
201730,0,0,0,429324,0,0,0,0,433106,0
201732,0,0,0,0,0,0,0,0,0,0
201734,0,0,0,0,0,0,0,0,0,0
201736,0,0,0,0,0,0,0,0,0,0
201738,0,0,0,0,0,0,0,0,0,0
201740,0,0,0,0,0,0,0,0,0,0
201742,0,0,0,432638,0,435531,0,0,0,0
201744,0,0,0,0,0,0,0,0,0,0
201746,0,0,0,0,0,0,0,0,0,0
201748,0,0,0,0,1636958,0,0,1620182,0,1631665
201750,0,0,0,0,0,0,0,0,0,0
201752,172846,0,0,0,0,0,0,0,0,0
201754,0,0,0,0,0,0,0,0,0,0
201756,0,0,0,0,0,0,0,0,0,0
201758,0,0,0,0,0,786287,0,0,0,0
201760,0,0,0,0,0,0,0,0,433815,0
201762,0,436733,0,0,433939,0,0,0,0,0
201764,0,0,0,0,0,0,0,0,0,0
201766,0,0,0,0,0,0,0,0,0,0
201768,0,0,0,0,0,0,0,0,0,0
201770,0,0,0,0,0,0,0,0,0,0
201772,0,0,0,0,0,0,0,0,0,0
201774,0,0,0,0,0,0,0,0,0,0
201776,0,0,0,0,0,0,0,0,0,0
201778,0,0,0,0,0,0,0,0,0,0
201780,0,0,0,0,0,0,0,0,0,0
201782,0,0,0,0,0,0,0,0,0,0
201784,0,0,790581,0,0,786154,0,0,0,0
201786,0,0,0,0,0,0,0,0,0,0
201788,0,437284,435486,0,0,0,0,0,0,0
201790,0,0,0,431203,0,0,0,430138,0,0
201792,0,0,0,0,0,0,0,0,0,0
201794,0,0,0,0,0,0,0,0,0,0
201796,0,0,0,0,0,0,0,0,0,0
201798,0,0,0,0,0,0,0,0,0,0
201800,0,0,0,0,0,0,0,0,0,0
201802,0,0,0,0,0,0,0,0,0,0
201804,0,0,0,0,0,0,0,0,0,0
201808,0,0,0,0,0,0,0,0,0,0
201810,0,0,0,0,0,0,0,0,0,0
201812,0,0,0,0,0,0,0,0,0,0
201814,0,0,0,0,0,0,0,0,0,0
201816,0,0,0,0,0,0,0,0,0,0
201818,0,0,0,0,0,0,0,0,0,0
201820,0,0,0,0,0,0,0,0,0,0
201822,0,0,0,0,0,0,0,0,0,0
201824,0,0,0,0,0,0,0,0,0,0
201826,0,0,0,0,0,0,0,0,0,0
201828,0,0,0,0,0,0,0,0,0,0
201830,0,0,0,0,0,0,0,0,0,0
201832,0,0,0,0,0,0,0,0,0,0
201834,0,0,0,0,0,0,0,0,0,0
201836,0,0,0,0,0,0,0,0,0,0
201838,0,0,0,0,0,0,0,0,0,0
201840,0,0,0,0,0,0,0,0,0,0
201842,0,0,0,0,0,0,0,0,0,0
201844,0,0,0,0,0,0,0,0,0,0
201846,0,0,0,0,0,0,0,0,0,0
201848,0,0,0,0,0,0,0,0,0,0
201850,0,0,0,0,0,0,0,0,0,0
201852,0,0,0,0,0,0,0,0,0,0
201854,0,0,0,0,0,0,0,0,0,0
201856,0,0,0,0,0,0,0,0,0,0
201858,0,0,0,0,0,0,0,0,0,0
201860,0,0,0,0,0,0,0,0,0,0
201862,0,0,0,0,0,0,0,0,0,0
201864,0,0,0,0,0,0,0,0,0,0
201866,0,0,0,0,0,0,0,2743,0,0
201868,0,0,0,0,0,0,0,0,0,0
201870,0,0,0,0,0,0,0,0,0,0
201872,0,0,0,0,0,0,0,0,0,0
201874,0,0,0,0,0,0,0,0,0,0
201876,0,0,0,0,0,0,0,0,0,0
201878,0,0,0,0,0,0,0,0,0,0
201880,0,0,0,0,0,0,0,0,0,0
201882,0,0,0,0,0,0,0,0,0,0
201884,0,0,0,0,0,0,0,0,0,0
201886,0,0,0,0,0,0,0,0,0,0
201888,0,0,0,0,0,0,0,0,0,0
201890,0,0,0,0,0,0,0,0,0,0
201892,0,0,0,0,0,0,0,0,0,0
201894,0,0,0,0,0,0,0,0,0,0
201896,0,0,0,0,0,0,0,0,0,0
201898,0,0,0,0,0,0,0,0,0,0
201900,0,0,0,0,0,0,0,0,0,0
201902,0,0,0,0,0,0,0,0,0,0
201906,0,0,0,0,0,0,0,0,0,0
201908,0,0,0,0,0,0,0,0,0,0
201910,0,0,0,0,0,0,0,0,0,377549
201912,0,0,0,0,153941,0,0,0,0,0
201914,0,0,0,0,0,0,0,0,0,0
201918,0,0,0,0,0,0,0,0,0,0
201920,0,0,0,0,0,0,0,0,0,0
201922,0,0,0,0,0,0,0,0,0,0
201924,0,0,0,0,0,0,0,0,0,0
201926,0,0,0,0,0,0,0,0,0,0
201928,0,0,0,0,0,0,0,0,0,0
201930,0,0,0,0,0,0,0,0,0,0
201932,0,0,0,0,0,0,0,0,0,0
201934,0,0,0,0,0,0,0,0,0,0
201936,0,0,0,0,0,0,0,0,0,0
201938,0,0,0,0,0,0,0,0,0,0
201940,0,0,0,0,0,0,0,0,0,0
201942,0,0,0,0,0,0,0,0,0,0
201944,0,0,0,0,0,0,0,0,0,0
201946,0,0,0,0,0,0,0,0,0,0
201948,0,0,0,0,0,0,0,0,0,0
201950,0,0,0,0,0,0,0,0,0,0
201952,0,0,0,0,0,0,0,0,0,0
201954,0,0,0,0,0,0,0,0,0,0
201956,0,0,0,0,0,0,0,0,0,0
201958,0,6815,0,6711,0,7558,0,0,0,0
201960,0,0,0,0,0,0,0,0,0,0
201962,0,0,0,0,0,0,0,0,0,0
201964,0,0,0,0,0,0,0,0,0,0
201966,0,0,0,0,0,0,0,0,0,0
201968,0,0,0,0,0,0,0,0,0,0
201970,0,0,0,0,0,0,0,0,0,0
201972,0,0,0,0,0,0,0,0,0,0
201974,0,2680,0,0,0,0,0,0,0,0
201976,0,0,0,0,0,0,0,0,0,0
201978,0,0,0,0,0,0,0,0,0,0
201980,0,0,0,0,0,0,0,0,0,0
201982,0,0,0,0,0,0,0,0,0,0
201984,0,0,0,0,0,0,0,0,0,0
201986,0,0,7123,0,0,0,0,0,0,0
201988,0,0,0,0,0,0,0,0,0,0
201990,0,0,0,0,0,0,0,0,0,0
201992,0,0,0,0,0,0,0,0,0,0
201994,0,0,0,0,0,0,0,0,0,0
201996,0,0,0,0,0,0,0,0,0,0
201998,0,0,0,0,0,0,0,0,0,0
202000,0,0,0,0,0,0,0,0,0,0
202002,0,0,0,0,0,0,0,0,0,0
202004,0,0,0,0,0,0,0,0,0,0
202006,0,0,0,0,0,0,0,0,0,0
202008,0,0,0,0,0,0,0,0,0,0
202010,0,0,2850,0,0,0,0,0,2729,0
202012,0,0,0,0,0,0,0,0,0,0
202014,0,0,0,0,0,0,0,0,0,0
202016,0,0,0,0,0,0,0,0,0,0
202018,0,0,0,0,0,0,0,0,0,0
202020,0,0,0,0,0,0,0,0,0,0
202022,0,0,0,0,0,0,0,0,0,0
202024,0,0,0,0,0,0,0,0,0,0
202026,0,0,0,0,0,0,0,0,0,0
202028,0,0,0,0,0,0,0,0,0,0
202030,0,0,0,0,0,0,0,0,0,0
202032,0,0,0,0,0,0,0,0,0,0
202034,0,0,0,0,0,0,0,0,0,0
202036,0,0,0,0,0,0,0,0,0,0
202038,0,0,0,0,0,0,0,0,0,0
202040,0,0,0,0,0,0,0,0,0,0
202042,0,0,0,0,0,0,0,0,0,0
202044,0,0,0,0,0,0,0,0,0,0
202046,0,0,0,0,0,0,0,0,0,0
202048,0,0,0,0,0,0,0,0,0,0
202050,0,0,0,0,0,0,0,0,0,0
202052,0,0,0,0,0,0,0,0,0,0
202054,0,0,0,0,0,0,0,0,0,0
202056,0,0,0,0,0,0,0,0,0,0
202058,0,0,0,0,0,0,0,0,0,0
202060,0,0,0,0,0,0,0,0,0,0
202062,0,0,0,0,0,0,0,0,0,0
202064,0,0,0,0,0,0,0,0,0,0
202066,0,0,0,0,0,0,0,2815,0,0
202068,0,0,0,0,0,0,0,0,0,0
202070,0,0,7133,0,0,0,0,0,0,0
202072,0,0,0,0,0,0,0,0,0,0
202074,0,0,0,0,0,0,0,0,0,0
202076,0,0,0,0,0,0,0,0,0,0
202078,0,0,0,0,0,0,0,0,0,0
202080,0,0,0,0,0,0,0,0,0,0
202082,0,0,0,0,0,0,0,0,0,0
202084,0,0,0,0,0,0,0,0,0,0
202086,0,0,0,0,0,0,0,0,0,0
202088,0,0,0,0,0,0,0,0,0,0
202090,0,0,0,0,0,0,0,0,0,0
202092,0,0,0,0,0,0,0,0,0,0
202094,0,0,0,0,0,0,0,0,0,0
202096,0,0,0,0,0,0,0,0,0,0
202098,0,0,0,0,0,0,0,0,0,0
202100,0,0,0,0,0,0,0,0,0,0
202102,0,0,0,0,0,0,0,0,0,0
202104,0,0,0,0,0,0,0,0,0,0
202106,0,0,0,0,0,0,0,0,0,0
202108,0,0,0,0,0,0,0,0,0,0
202110,0,0,0,0,0,0,0,0,0,0
202112,0,0,0,0,0,0,0,0,0,0
202114,0,0,0,0,0,0,0,0,7208,0
202116,0,0,0,0,0,0,0,0,0,0
202118,0,0,0,0,0,0,0,0,0,0
202120,0,0,0,0,0,0,0,0,0,0
202122,0,0,0,0,0,0,0,0,0,0
202124,0,0,0,0,0,0,0,0,0,0
202126,0,0,0,0,0,0,0,0,0,0
202128,0,0,0,0,0,0,0,0,0,0
202130,0,0,0,0,0,0,0,0,0,0
202132,0,0,0,0,0,0,0,0,0,0
202134,0,0,0,0,0,0,0,0,0,0
202136,0,0,0,0,0,0,0,0,0,0
202138,0,0,0,0,0,0,0,0,0,0
202140,0,0,0,0,0,0,0,0,0,2538
202142,0,0,0,0,0,0,0,0,0,0
202144,0,0,0,0,0,0,0,0,0,0
202146,0,0,0,0,0,0,0,0,0,0
202148,11960,0,0,0,0,0,0,0,0,0
202150,0,0,0,0,0,0,0,0,0,0
202152,0,0,0,0,0,0,0,0,0,0
202154,0,0,0,0,0,0,0,0,0,0
202156,0,0,0,0,0,0,0,0,0,0
202158,0,0,0,0,0,0,0,0,0,0
202162,0,0,0,0,0,0,0,0,0,0
202164,0,0,491876,0,0,0,483293,0,0,0
202166,0,0,0,0,0,0,0,0,0,0
202168,0,0,0,0,0,0,0,0,0,0
202170,0,0,0,0,0,485526,0,0,0,0
202172,0,0,0,0,0,0,0,0,0,0
202174,0,0,0,0,0,0,0,0,0,0
202176,0,0,0,0,0,0,0,0,0,0
202178,0,0,0,0,0,0,0,0,0,0
202180,0,0,0,0,0,0,0,0,0,0
202182,0,0,0,0,0,0,0,0,0,0
202184,0,0,0,0,0,0,0,0,0,0
202186,0,0,0,0,0,0,0,0,0,0
202188,0,0,0,0,0,0,0,0,0,0
202190,0,0,0,0,0,0,0,0,0,0
202192,0,0,0,0,0,0,0,0,0,0
202194,0,0,0,0,0,0,0,0,0,0
202196,0,0,0,0,0,0,0,0,0,0
202198,0,0,0,0,0,0,0,0,0,0
202200,0,0,0,0,0,0,0,0,0,0
202202,0,0,0,0,0,0,0,0,0,0
202204,0,0,0,0,0,0,0,0,0,0
202206,0,0,0,0,0,0,0,0,0,0
202208,0,0,0,0,0,0,0,0,0,0
202210,0,0,0,0,0,0,0,0,0,0
202212,0,0,0,0,0,0,0,0,0,0
202214,0,0,0,0,0,0,0,0,0,0
202216,0,0,0,0,0,0,0,0,0,0
202218,0,0,0,0,0,0,0,0,0,0
202220,0,0,0,0,0,0,0,0,0,0
202222,0,0,0,0,0,0,0,0,0,0
202224,0,0,0,0,0,0,0,0,0,0
202226,0,0,108313,0,0,0,0,0,0,105990
202228,0,0,0,0,0,0,0,0,0,0
202230,0,0,0,0,0,0,0,0,0,0
202232,0,0,0,0,0,0,0,0,0,0
202234,0,0,0,0,0,0,0,0,0,0
202236,0,0,0,0,0,0,0,0,0,0
202238,0,0,0,0,0,0,0,0,0,0
202240,0,0,0,0,0,0,0,0,0,0
202242,0,0,0,0,0,0,106997,0,0,0
202244,0,0,0,0,0,0,0,0,0,0
202246,0,0,0,0,0,0,0,0,0,0
202248,0,0,0,0,0,0,0,0,0,0
202250,0,0,0,0,0,0,0,0,0,0
202252,0,0,0,0,0,0,0,0,0,0
202254,0,0,0,0,0,0,0,0,0,0
202256,0,0,0,0,0,0,0,0,0,0
202258,0,0,0,0,0,0,0,0,0,0
202260,0,0,0,0,0,0,0,0,0,0
202262,0,0,0,0,0,108082,0,0,106351,0
202266,0,0,0,0,0,0,0,0,0,0
202268,0,0,0,0,0,0,0,0,0,0
202270,0,0,0,0,0,104662,0,0,0,0
202272,0,0,0,0,0,0,0,0,0,0
202274,0,0,0,0,0,0,0,0,0,0
202276,0,0,0,0,0,0,0,0,0,0
202278,0,0,0,0,0,0,0,0,0,0
202280,0,0,0,0,0,0,0,0,0,0
202282,0,0,0,0,0,0,0,0,0,0
202284,0,0,0,0,0,0,0,0,0,0
202286,0,0,0,0,0,0,0,0,0,0
202288,0,0,0,0,0,0,0,0,0,0
202290,0,0,0,0,0,0,0,0,0,0
202292,0,0,0,0,0,0,0,0,0,0
202294,0,0,0,0,0,0,0,0,0,0
202296,0,0,0,0,0,0,0,0,0,0
202298,0,0,0,0,0,0,0,0,0,0
202300,0,0,0,0,0,0,0,0,0,0
202302,0,0,0,0,0,0,0,0,0,0
202304,0,0,0,0,0,0,0,0,0,0
202306,0,0,0,0,0,0,0,0,0,0
202308,0,0,0,0,0,0,0,0,0,0
202310,0,0,102896,0,0,0,0,0,0,0
202312,0,0,0,0,0,0,0,0,0,0
202314,0,0,0,0,0,0,0,0,0,0
202316,0,0,0,0,0,0,0,0,0,0
202318,0,0,0,0,0,0,0,0,0,0
202320,0,0,0,0,0,0,0,0,0,0
202322,0,0,0,0,0,0,0,0,0,0
202324,0,0,0,0,0,0,0,0,0,0
202326,0,0,0,0,0,0,0,0,0,0
202328,0,0,0,0,0,0,0,0,0,0
202330,0,0,0,0,0,0,0,106508,0,0
202332,0,0,0,0,0,0,0,0,0,0
202334,0,0,0,0,0,0,0,0,0,0
202336,0,0,0,0,0,0,0,0,0,0
202338,0,0,0,0,0,0,0,0,0,0
202340,0,0,0,0,0,0,0,0,0,0
202342,0,0,0,0,0,0,0,0,0,0
202344,0,0,0,0,0,0,0,0,0,0
202346,0,0,0,0,0,0,0,0,0,0
202348,0,0,0,0,0,0,0,0,0,0
202350,0,0,0,0,0,0,0,0,103937,0
202352,0,0,0,0,0,0,0,0,0,0
202354,0,0,0,105090,0,0,0,0,0,0
202356,0,0,0,0,0,0,0,0,0,0
202358,0,0,0,0,0,0,0,0,0,0
202360,0,0,0,0,0,0,0,0,0,0
202365,0,0,0,0,0,0,0,0,0,0
202367,0,0,0,0,0,0,0,0,0,0
202369,0,0,0,0,0,0,42428,0,42510,0
202373,0,0,0,0,0,0,0,0,0,0
202375,0,0,0,0,0,0,0,0,0,0
202377,0,0,163393,0,0,0,0,0,0,0
202379,0,0,0,0,0,0,0,0,0,0
202381,0,0,0,0,0,0,0,0,161681,0
202383,0,0,0,0,0,0,162488,0,0,0
202385,0,0,0,0,0,0,0,0,0,0
202387,0,0,0,0,0,0,0,0,0,0
202389,0,0,0,0,0,0,0,0,0,0
202391,0,0,0,0,0,0,0,0,0,0
202393,0,0,0,0,0,0,0,0,0,0
202395,0,0,0,0,0,0,0,0,0,0
202397,0,0,0,0,0,0,0,0,0,0
202399,0,0,0,0,0,0,0,0,0,0
202401,0,0,0,0,0,0,407224,0,0,0
202403,0,0,0,0,0,0,0,0,0,0
202405,0,0,408495,0,0,0,0,0,0,0
202407,0,0,0,0,0,0,0,0,0,0
202409,0,0,0,0,0,0,0,0,0,0
202411,0,0,0,0,0,0,0,0,0,0
202413,0,0,0,0,0,0,0,0,0,0
202415,0,0,0,0,0,0,0,0,0,0
202417,0,0,0,0,0,0,0,0,0,0
202419,0,0,0,0,0,0,0,0,0,0
202421,0,0,0,0,0,0,0,0,0,0
202423,0,0,0,0,0,0,0,0,0,0
202425,0,0,0,0,0,0,0,0,0,0
202432,0,105157,0,0,0,0,0,0,0,0
202436,0,0,0,0,0,0,0,0,0,0
202438,0,0,0,0,0,0,325645,0,0,0
202440,0,0,0,0,0,0,0,0,0,128219
202442,0,330098,0,0,0,0,0,0,0,0
202444,0,0,0,0,0,0,0,0,0,0
202446,0,0,0,0,0,0,0,0,0,0
202448,0,0,0,0,0,0,0,0,0,322561
202450,0,0,0,0,0,0,0,0,0,0
202452,0,0,0,0,0,0,0,0,0,0
202454,0,0,0,0,0,0,0,0,0,0
202456,0,0,0,328063,0,0,0,0,0,0
202458,0,0,0,0,0,0,0,0,0,0
202460,0,0,0,0,0,0,0,0,0,0
202462,0,0,0,0,0,0,0,0,0,0
202464,0,0,0,0,0,0,0,0,0,0
202466,0,0,0,0,0,0,0,0,0,0
202468,0,0,0,0,0,0,0,0,0,0
202470,0,0,0,0,0,0,0,0,0,0
202472,0,0,0,0,0,0,0,0,0,0
202474,0,0,0,0,0,129876,129440,0,0,0
202476,0,0,0,0,0,0,0,0,0,127895
202478,0,0,0,0,0,0,0,0,0,0
202480,0,0,0,0,0,0,0,0,0,0
202482,0,0,0,0,0,0,0,0,0,0
202484,0,0,0,0,0,0,0,0,0,0
202486,0,0,0,0,0,0,0,0,0,0
202488,0,0,0,0,0,0,0,0,0,0
202490,0,0,0,0,0,0,0,0,0,0
202492,0,0,0,0,0,0,0,0,0,0
202494,0,0,0,0,0,0,0,0,0,0
202496,0,0,0,0,0,0,0,0,0,0
202498,0,0,0,0,0,0,0,0,0,0
202500,0,0,0,0,0,0,0,0,323311,0
202502,0,0,0,0,0,0,130095,0,0,0
202504,0,0,0,0,0,0,0,0,0,0
202506,0,0,0,0,0,0,0,0,0,0
202508,0,0,0,0,0,0,0,0,0,0
202510,0,0,0,0,0,0,0,0,0,0
202512,0,0,0,0,0,0,0,0,0,0
202514,0,131659,0,0,0,0,129757,0,0,0
202516,0,0,0,0,0,0,0,0,0,0
202518,0,0,0,0,0,0,0,323573,0,0
202520,0,0,0,0,0,0,0,0,0,0
202522,0,0,0,0,0,0,0,0,0,0
202524,0,0,0,0,0,0,0,0,0,0
202526,0,0,0,0,0,0,0,0,0,0
202528,0,0,0,0,0,0,0,0,0,0
202530,0,0,131217,0,0,0,0,0,0,0
202532,0,0,0,0,0,0,0,0,0,0
202534,0,0,0,0,0,0,0,0,0,0
202536,0,0,0,0,0,0,0,0,0,0
202538,0,0,0,0,0,0,0,0,0,0
202540,0,0,0,0,0,0,0,0,0,0
202542,0,0,0,0,0,0,0,0,0,0
202544,0,0,0,0,0,0,0,0,0,0
202546,0,0,0,0,0,0,0,0,0,0
202548,0,0,0,0,595208,0,0,0,583974,576774
202550,0,0,0,0,0,0,0,0,0,0
202552,0,0,0,0,0,0,0,0,0,0
202554,0,0,0,0,0,0,0,0,0,0
202556,585374,0,0,0,0,0,0,0,0,0
202558,0,0,0,0,0,0,0,0,0,0
202560,0,0,0,0,0,0,0,0,0,0
202567,0,0,0,0,0,0,0,0,0,0
202569,0,0,0,0,0,0,0,0,0,0
202571,0,0,0,0,0,0,0,0,0,0
202573,0,0,0,0,0,0,0,0,0,0
202575,0,0,0,0,0,0,0,0,182112,0
202577,0,0,0,0,0,0,0,0,0,0
202579,0,0,0,0,0,0,0,0,0,0
202581,0,0,0,0,0,0,0,0,0,0
202583,0,0,0,0,0,0,0,0,0,0
202585,0,0,0,0,0,0,0,0,0,0
202587,0,0,0,0,0,0,0,0,0,0
202589,0,0,0,0,0,0,0,0,0,0
202591,0,0,0,105907,0,0,0,0,101532,0
202593,0,0,0,0,0,0,0,0,0,0
202595,0,0,0,0,0,0,0,0,0,0
202597,0,0,0,0,0,0,0,0,0,0
202599,0,0,0,0,0,0,0,0,0,0
202601,0,0,0,0,0,0,0,0,0,0
202603,42129,0,0,0,0,0,0,0,0,0
202605,0,0,0,0,0,0,0,0,0,0
202607,0,0,0,0,0,0,0,0,0,0
202609,0,0,0,0,0,0,0,0,0,0
202611,0,0,0,0,0,0,0,0,0,0
202613,0,0,0,0,0,0,0,0,0,0
202615,0,0,0,107269,0,0,0,103805,0,99982
202617,0,0,0,0,0,0,0,0,0,0
202619,0,0,0,0,0,0,0,0,0,0
202621,0,0,0,0,0,0,0,0,0,0
202623,0,0,0,0,0,0,0,0,0,0
202625,0,0,0,0,0,0,0,0,0,0
202627,0,0,0,0,0,0,0,0,0,0
202629,0,0,0,0,0,0,0,0,101028,0
202631,0,0,0,0,0,0,0,0,0,0
202633,0,0,0,0,0,0,0,0,0,0
202635,0,0,0,0,0,0,0,0,0,0
202637,0,0,0,0,0,0,0,0,0,0
202639,0,41979,0,0,0,0,0,0,0,0
202641,106828,0,0,0,0,0,0,0,100447,0
202643,0,0,0,0,0,0,0,0,0,0
202645,0,0,0,0,0,0,0,0,0,0
202647,0,0,0,0,0,0,0,0,0,0
202649,0,0,0,0,0,0,0,0,0,0
202651,0,0,0,0,0,0,0,0,0,0
202653,0,0,0,0,0,0,0,0,0,0
202655,0,0,0,0,0,0,0,0,0,0
202657,0,0,0,0,0,0,0,0,0,0
202659,0,0,0,0,0,0,0,0,0,0
202661,0,0,0,0,0,0,0,0,0,0
202663,0,0,0,0,0,0,0,0,0,0
202665,0,0,0,0,0,0,0,0,0,0
202667,0,0,0,0,0,0,0,0,0,0
202669,0,0,0,0,0,0,0,0,0,0
202671,0,0,0,0,0,0,0,0,0,0
202673,0,0,0,0,0,0,0,0,0,0
202675,0,0,0,0,0,0,0,0,0,0
202677,0,0,0,0,0,0,0,0,0,0
202679,0,0,0,0,0,0,0,0,0,0
202681,0,0,0,0,0,0,0,0,0,0
202683,0,0,0,0,0,0,0,0,0,0
202685,0,0,0,0,0,0,0,0,0,0
202687,0,0,0,0,0,0,0,0,0,0
202689,0,0,0,0,0,0,0,0,0,0
202691,193282,0,0,0,0,0,185187,0,182717,0
202693,0,0,0,0,0,0,0,0,0,0
202695,0,0,0,0,0,0,0,0,0,0
202697,0,0,0,0,0,0,0,0,0,0
202699,0,0,0,0,0,0,0,0,0,0
202701,0,0,0,106239,0,0,103308,0,0,0
202703,0,0,0,0,0,0,0,0,0,0
202705,0,0,0,0,0,0,0,0,0,0
202707,0,0,0,0,0,0,0,0,0,0
202711,0,0,0,0,0,0,0,0,0,0
202713,0,0,0,0,0,0,0,0,0,0
